{"cameraMode":{"drawMode":0,"name":"Shaded","section":"Shading Mode"},"sceneLighting":false,"audioPlay":false,"sceneViewState":{"m_AlwaysRefresh":false,"showFog":true,"showSkybox":false,"showFlares":true,"showImageEffects":true,"showParticleSystems":true,"showVisualEffectGraphs":true,"m_FxEnabled":true},"in2DMode":false,"pivot":{"x":3.725290298461914e-9,"y":-7.078051567077637e-8,"z":-7.629394360719744e-8},"rotation":{"x":-0.11098912358283997,"y":-0.8023683428764343,"z":0.15707316994667054,"w":-0.5652143955230713},"size":0.026941029354929925,"orthographic":false}