{"cameraMode":{"drawMode":0,"name":"Shaded","section":"Shading Mode"},"sceneLighting":false,"audioPlay":false,"sceneViewState":{"m_AlwaysRefresh":false,"showFog":true,"showSkybox":false,"showFlares":true,"showImageEffects":true,"showParticleSystems":true,"showVisualEffectGraphs":true,"m_FxEnabled":true},"in2DMode":false,"pivot":{"x":-24.97785186767578,"y":5.294225692749023,"z":10.988025665283204},"rotation":{"x":0.41878795623779299,"y":-0.012224806472659111,"z":0.00530484551563859,"w":0.9083195924758911},"size":1.9135760068893433,"orthographic":false}