{"cameraMode":{"drawMode":0,"name":"Shaded","section":"Shading Mode"},"sceneLighting":false,"audioPlay":false,"sceneViewState":{"m_AlwaysRefresh":false,"showFog":false,"showSkybox":false,"showFlares":false,"showImageEffects":false,"showParticleSystems":false,"showVisualEffectGraphs":true,"m_FxEnabled":true},"in2DMode":false,"pivot":{"x":0.000286102294921875,"y":94.04754638671875,"z":-2.134800910949707},"rotation":{"x":0.05437525734305382,"y":-0.9407013058662415,"z":0.17987263202667237,"w":0.28286048769950869},"size":218.8217315673828,"orthographic":false}