{"cameraMode":{"drawMode":0,"name":"Shaded","section":"Shading Mode"},"sceneLighting":false,"audioPlay":false,"sceneViewState":{"m_AlwaysRefresh":false,"showFog":true,"showSkybox":false,"showFlares":true,"showImageEffects":true,"showParticleSystems":true,"showVisualEffectGraphs":true,"m_FxEnabled":true},"in2DMode":false,"pivot":{"x":-0.000003382563591003418,"y":-0.00016173720359802246,"z":-0.0012949556112289429},"rotation":{"x":0.34164583683013918,"y":-0.11360609531402588,"z":0.04152108356356621,"w":0.9321057796478272},"size":0.2502894401550293,"orthographic":false}