{"cameraMode":{"drawMode":0,"name":"Shaded","section":"Shading Mode"},"sceneLighting":false,"audioPlay":false,"sceneViewState":{"m_AlwaysRefresh":false,"showFog":true,"showSkybox":false,"showFlares":true,"showImageEffects":true,"showParticleSystems":true,"showVisualEffectGraphs":true,"m_FxEnabled":true},"in2DMode":false,"pivot":{"x":-36.127777099609378,"y":164.07611083984376,"z":112.08401489257813},"rotation":{"x":0.332753986120224,"y":0.024253135547041894,"z":-0.008673124015331269,"w":0.9427533745765686},"size":472.52923583984377,"orthographic":false}