{"cameraMode":{"drawMode":0,"name":"Shaded","section":"Shading Mode"},"sceneLighting":false,"audioPlay":false,"sceneViewState":{"m_AlwaysRefresh":false,"showFog":true,"showSkybox":false,"showFlares":true,"showImageEffects":true,"showParticleSystems":true,"showVisualEffectGraphs":true,"m_FxEnabled":true},"in2DMode":false,"pivot":{"x":25.876829147338868,"y":-7.537375450134277,"z":-0.9884954690933228},"rotation":{"x":0.07627811282873154,"y":0.7145896553993225,"z":-0.07912534475326538,"w":0.6910549402236939},"size":15.766914367675782,"orthographic":false}