{"cameraMode":{"drawMode":0,"name":"Shaded","section":"Shading Mode"},"sceneLighting":false,"audioPlay":false,"sceneViewState":{"m_AlwaysRefresh":false,"showFog":true,"showSkybox":false,"showFlares":true,"showImageEffects":true,"showParticleSystems":true,"showVisualEffectGraphs":true,"m_FxEnabled":true},"in2DMode":false,"pivot":{"x":-0.20837712287902833,"y":-0.008626997470855713,"z":-0.5825473666191101},"rotation":{"x":0.17392338812351228,"y":0.7047385573387146,"z":-0.18514080345630647,"w":0.6625648736953735},"size":0.5148364901542664,"orthographic":false}