{"cameraMode":{"drawMode":0,"name":"Shaded","section":"Shading Mode"},"sceneLighting":false,"audioPlay":false,"sceneViewState":{"m_AlwaysRefresh":false,"showFog":false,"showSkybox":false,"showFlares":false,"showImageEffects":false,"showParticleSystems":false,"showVisualEffectGraphs":true,"m_FxEnabled":true},"in2DMode":false,"pivot":{"x":-0.1422284096479416,"y":1.0014307498931885,"z":-0.10013854503631592},"rotation":{"x":-0.021254301071166993,"y":0.9669605493545532,"z":-0.23971505463123322,"w":-0.08545200526714325},"size":0.6857371926307678,"orthographic":false}