{"cameraMode":{"drawMode":0,"name":"Shaded","section":"Shading Mode"},"sceneLighting":false,"audioPlay":false,"sceneViewState":{"m_AlwaysRefresh":false,"showFog":false,"showSkybox":false,"showFlares":false,"showImageEffects":false,"showParticleSystems":false,"showVisualEffectGraphs":true,"m_FxEnabled":true},"in2DMode":false,"pivot":{"x":0.07123328000307083,"y":0.8213960528373718,"z":-0.9844560623168945},"rotation":{"x":-0.006797999609261751,"y":-0.9881739616394043,"z":0.14634373784065247,"w":-0.047864824533462527},"size":1.390215516090393,"orthographic":false}