{"cameraMode":{"drawMode":0,"name":"Shaded","section":"Shading Mode"},"sceneLighting":false,"audioPlay":false,"sceneViewState":{"m_AlwaysRefresh":false,"showFog":true,"showSkybox":false,"showFlares":true,"showImageEffects":true,"showParticleSystems":true,"showVisualEffectGraphs":true,"m_FxEnabled":true},"in2DMode":false,"pivot":{"x":1.8790397644042969,"y":0.10028195381164551,"z":0.004988193511962891},"rotation":{"x":-0.29765400290489199,"y":0.039018359035253528,"z":-0.011869738809764386,"w":-0.9540475606918335},"size":4.664944648742676,"orthographic":false}