{"cameraMode":{"drawMode":0,"name":"Shaded","section":"Shading Mode"},"sceneLighting":false,"audioPlay":false,"sceneViewState":{"m_AlwaysRefresh":false,"showFog":true,"showSkybox":false,"showFlares":true,"showImageEffects":true,"showParticleSystems":true,"showVisualEffectGraphs":true,"m_FxEnabled":true},"in2DMode":false,"pivot":{"x":-0.08153915405273438,"y":0.8443443775177002,"z":0.04978609085083008},"rotation":{"x":0.332753986120224,"y":0.024253135547041894,"z":-0.008673124015331269,"w":0.9427533745765686},"size":1.9782732725143433,"orthographic":false}