{"cameraMode":{"drawMode":0,"name":"Shaded","section":"Shading Mode"},"sceneLighting":false,"audioPlay":false,"sceneViewState":{"m_AlwaysRefresh":false,"showFog":true,"showSkybox":false,"showFlares":true,"showImageEffects":true,"showParticleSystems":true,"showVisualEffectGraphs":true,"m_FxEnabled":true},"in2DMode":false,"pivot":{"x":5.1944756507873539,"y":-0.49124419689178469,"z":-7.598372936248779},"rotation":{"x":-0.043014999479055408,"y":-0.9562913775444031,"z":0.18474043905735017,"w":-0.22316570580005647},"size":14.57738208770752,"orthographic":false}