{"cameraMode":{"drawMode":0,"name":"Shaded","section":"Shading Mode"},"sceneLighting":false,"audioPlay":false,"sceneViewState":{"m_AlwaysRefresh":false,"showFog":true,"showSkybox":false,"showFlares":true,"showImageEffects":true,"showParticleSystems":true,"showVisualEffectGraphs":true,"m_FxEnabled":true},"in2DMode":false,"pivot":{"x":0.0034238100051879884,"y":-0.025586307048797609,"z":0.8308159112930298},"rotation":{"x":-0.29765400290489199,"y":0.039018359035253528,"z":-0.011869738809764386,"w":-0.9540475606918335},"size":1.3521901369094849,"orthographic":false}