{"cameraMode":{"drawMode":0,"name":"Shaded","section":"Shading Mode"},"sceneLighting":false,"audioPlay":false,"sceneViewState":{"m_AlwaysRefresh":false,"showFog":true,"showSkybox":false,"showFlares":true,"showImageEffects":true,"showParticleSystems":true,"showVisualEffectGraphs":true,"m_FxEnabled":true},"in2DMode":false,"pivot":{"x":-33.347633361816409,"y":187.03387451171876,"z":104.08280944824219},"rotation":{"x":0.332753986120224,"y":0.024253135547041894,"z":-0.008673124015331269,"w":0.9427533745765686},"size":344.6485595703125,"orthographic":false}