{"cameraMode":{"drawMode":0,"name":"Shaded","section":"Shading Mode"},"sceneLighting":false,"audioPlay":false,"sceneViewState":{"m_AlwaysRefresh":false,"showFog":true,"showSkybox":false,"showFlares":true,"showImageEffects":true,"showParticleSystems":true,"showVisualEffectGraphs":true,"m_FxEnabled":true},"in2DMode":false,"pivot":{"x":26.63823127746582,"y":1.2138408422470093,"z":34.84105682373047},"rotation":{"x":0.41878795623779299,"y":-0.012224806472659111,"z":0.00530484551563859,"w":0.9083195924758911},"size":2.9497268199920656,"orthographic":false}