{"cameraMode":{"drawMode":0,"name":"Shaded","section":"Shading Mode"},"sceneLighting":false,"audioPlay":false,"sceneViewState":{"m_AlwaysRefresh":false,"showFog":true,"showSkybox":false,"showFlares":true,"showImageEffects":true,"showParticleSystems":true,"showVisualEffectGraphs":true,"m_FxEnabled":true},"in2DMode":false,"pivot":{"x":0.000013900920748710632,"y":0.00005512125790119171,"z":-0.000008558854460716248},"rotation":{"x":0.47957050800323489,"y":0.0001504258980276063,"z":-0.00026179433916695416,"w":0.8776134848594666},"size":0.036818698048591617,"orthographic":false}