{"cameraMode":{"drawMode":0,"name":"Shaded","section":"Shading Mode"},"sceneLighting":false,"audioPlay":false,"sceneViewState":{"m_AlwaysRefresh":false,"showFog":true,"showSkybox":false,"showFlares":true,"showImageEffects":true,"showParticleSystems":true,"showVisualEffectGraphs":true,"m_FxEnabled":true},"in2DMode":false,"pivot":{"x":1.6897794008255005,"y":3.116036891937256,"z":1.4650373458862305},"rotation":{"x":0.332753986120224,"y":0.024253135547041894,"z":-0.008673124015331269,"w":0.9427533745765686},"size":8.649772644042969,"orthographic":false}