{"cameraMode":{"drawMode":0,"name":"Shaded","section":"Shading Mode"},"sceneLighting":false,"audioPlay":false,"sceneViewState":{"m_AlwaysRefresh":false,"showFog":true,"showSkybox":false,"showFlares":true,"showImageEffects":true,"showParticleSystems":true,"showVisualEffectGraphs":true,"m_FxEnabled":true},"in2DMode":false,"pivot":{"x":-0.1166454404592514,"y":-0.25047075748443606,"z":0.8981729745864868},"rotation":{"x":0.15666960179805757,"y":-0.7583800554275513,"z":0.19738441705703736,"w":0.6013801693916321},"size":0.8660253882408142,"orthographic":false}