{"cameraMode":{"drawMode":0,"name":"Shaded","section":"Shading Mode"},"sceneLighting":false,"audioPlay":false,"sceneViewState":{"m_AlwaysRefresh":false,"showFog":false,"showSkybox":false,"showFlares":false,"showImageEffects":false,"showParticleSystems":false,"showVisualEffectGraphs":true,"m_FxEnabled":true},"in2DMode":false,"pivot":{"x":0.000286102294921875,"y":92.3761215209961,"z":-2.0587844848632814},"rotation":{"x":0.05437525734305382,"y":-0.9407013058662415,"z":0.17987263202667237,"w":0.28286048769950869},"size":140.87351989746095,"orthographic":false}