{"cameraMode":{"drawMode":0,"name":"Shaded","section":"Shading Mode"},"sceneLighting":false,"audioPlay":false,"sceneViewState":{"m_AlwaysRefresh":false,"showFog":true,"showSkybox":false,"showFlares":true,"showImageEffects":true,"showParticleSystems":true,"showVisualEffectGraphs":true,"m_FxEnabled":true},"in2DMode":false,"pivot":{"x":45.342994689941409,"y":-3.3310956954956056,"z":91.49972534179688},"rotation":{"x":0.41878795623779299,"y":-0.012224806472659111,"z":0.00530484551563859,"w":0.9083195924758911},"size":4.795552730560303,"orthographic":false}