{"cameraMode":{"drawMode":0,"name":"Shaded","section":"Shading Mode"},"sceneLighting":false,"audioPlay":false,"sceneViewState":{"m_AlwaysRefresh":false,"showFog":true,"showSkybox":false,"showFlares":true,"showImageEffects":true,"showParticleSystems":true,"showVisualEffectGraphs":true,"m_FxEnabled":true},"in2DMode":false,"pivot":{"x":-0.7993581295013428,"y":-1.1920928955078126e-7,"z":-0.9613757133483887},"rotation":{"x":-0.29765400290489199,"y":0.039018359035253528,"z":-0.011869738809764386,"w":-0.9540475606918335},"size":3.7874746322631838,"orthographic":false}